file,genotype,line,trt,Reads,Trimmed_reads,Mapped_Reads,Unique_NonDup_Reads
1B_S1,msh6/msh6,SALK_089638,MSH6,172389173,171236430,341873926,284148525
1C_S2,msh6/msh6,SALK_089638,MSH6,178936659,177823359,351122773,292203248
1D_S3,msh6/msh6,SALK_089638,MSH6,162205577,161140418,318184145,267857361
1E_S4,msh6/msh6,SALK_089638,MSH6,156416188,155430793,308471545,255731345
1F_S5,msh6/msh6,SALK_089638,MSH6,161860522,160735393,319605424,265529343
1G_S6,wt/wt,Col-0,WT,159960691,158939560,317626754,261685261
1H_S7,msh6/msh6,SALK_089638,MSH6,150565479,149596025,296948261,245718512
1I_S8,msh6/msh6,SALK_089638,MSH6,166101111,164985458,321350461,272195680
2C_S9,wt/wt,Col-0,WT,172513745,171385312,340933691,276407732
2D_S10,wt/wt,Col-0,WT,195645421,141162299,380582685,313096751
2E_S11,wt/wt,Col-0,WT,179801195,178620696,345985817,289386362
2F_S12,wt/wt,Col-0,WT,179092856,178060693,356126386,287194835
2I_S13,wt/wt,Col-0,WT,182687472,181575553,361428563,297554567
2L_S14,wt/msh6,SALK_037557,WT,179003835,177991836,344684739,293037062
5B_S15,wt/wt,SALK_037557,WT,178439192,177368423,343536934,291723403
5I_S16,msh6/msh6,SALK_037557,MSH6,151727458,150799424,291333613,242381111
5J_S17,wt/msh6,SALK_037557,WT,171301371,170194416,325596442,275169446
